timestamp,open,high,low,close,volume
2023-03-01 11:20:00+05:30,531.85,532.25,531.8,532.1,148544
2023-03-01 11:25:00+05:30,532.1,532.9,532.0,532.45,239537
2023-03-01 11:30:00+05:30,532.35,532.55,532.0,532.25,81869
2023-03-01 11:35:00+05:30,532.2,532.35,531.5,531.7,109475
2023-03-01 11:40:00+05:30,531.5,532.2,531.4,532.15,91303
2023-03-01 11:45:00+05:30,532.15,532.85,532.05,532.75,116876
2023-03-01 11:50:00+05:30,532.8,532.9,532.1,532.85,92563
2023-03-01 11:55:00+05:30,532.7,532.8,532.0,532.3,103322
2023-03-01 12:00:00+05:30,532.35,532.6,532.1,532.3,97408
2023-03-01 12:05:00+05:30,532.35,532.35,531.55,531.55,102274
2023-03-01 12:10:00+05:30,531.6,532.0,531.35,531.7,93730
2023-03-01 12:15:00+05:30,531.7,532.0,531.5,531.8,73922
2023-03-01 12:20:00+05:30,531.8,531.9,531.5,531.75,70802
2023-03-01 12:25:00+05:30,531.9,531.9,531.4,531.9,72587
2023-03-01 12:30:00+05:30,531.9,532.0,531.7,531.9,67225
2023-03-01 12:35:00+05:30,532.0,532.4,531.85,532.3,115113
2023-03-01 12:40:00+05:30,532.35,532.5,531.75,532.5,115537
2023-03-01 12:45:00+05:30,532.45,532.85,532.35,532.65,96175
2023-03-01 12:50:00+05:30,532.65,532.85,532.55,532.85,105925
2023-03-01 12:55:00+05:30,532.8,532.85,532.5,532.65,71030
2023-03-01 13:00:00+05:30,532.7,532.7,532.15,532.35,64298
2023-03-01 13:05:00+05:30,532.4,532.55,532.15,532.4,45526
2023-03-01 13:10:00+05:30,532.5,532.75,532.35,532.5,48827
2023-03-01 13:15:00+05:30,532.6,532.75,531.9,531.95,75498
2023-03-01 13:20:00+05:30,531.95,532.4,531.9,532.15,102361
2023-03-01 13:25:00+05:30,532.15,532.55,532.05,532.45,78859
2023-03-01 13:30:00+05:30,532.55,532.75,532.2,532.7,72492
2023-03-01 13:35:00+05:30,532.7,532.95,532.55,532.85,78637
2023-03-01 13:40:00+05:30,532.85,533.6,532.75,533.5,235291
2023-03-01 13:45:00+05:30,533.5,534.2,533.45,533.9,240582
2023-03-01 13:50:00+05:30,533.9,534.0,533.65,533.8,137209
2023-03-01 13:55:00+05:30,533.8,533.85,533.15,533.7,159211
2023-03-01 14:00:00+05:30,533.7,534.95,533.5,534.3,205668
2023-03-01 14:05:00+05:30,534.4,535.1,533.95,534.85,263869
2023-03-01 14:10:00+05:30,534.85,535.85,534.7,535.5,285120
2023-03-01 14:15:00+05:30,535.55,535.95,535.3,535.55,226164
2023-03-01 14:20:00+05:30,535.7,535.75,535.2,535.6,135448
2023-03-01 14:25:00+05:30,535.6,535.8,535.25,535.55,215622
2023-03-01 14:30:00+05:30,535.6,536.0,535.2,535.35,231513
2023-03-01 14:35:00+05:30,535.4,535.55,534.85,535.55,186855
2023-03-01 14:40:00+05:30,535.55,537.0,535.4,536.9,284454
2023-03-01 14:45:00+05:30,536.95,536.95,536.0,536.75,212935
2023-03-01 14:50:00+05:30,536.75,536.8,536.15,536.2,172890
2023-03-01 14:55:00+05:30,536.35,536.65,536.0,536.05,201382
2023-03-01 15:00:00+05:30,536.15,536.6,536.0,536.45,175083
2023-03-01 15:05:00+05:30,536.45,537.0,536.45,536.95,333179
2023-03-01 15:10:00+05:30,536.7,536.9,536.25,536.55,375008
2023-03-01 15:15:00+05:30,536.65,537.4,536.5,537.2,558428
2023-03-01 15:20:00+05:30,537.15,537.15,536.2,536.35,449320
2023-03-01 15:25:00+05:30,536.45,536.8,535.85,536.7,248315
2023-03-02 09:15:00+05:30,535.95,536.25,534.0,534.45,578048
2023-03-02 09:20:00+05:30,534.55,534.8,533.2,533.6,386842
2023-03-02 09:25:00+05:30,533.4,533.95,532.6,533.4,334436
2023-03-02 09:30:00+05:30,533.25,534.6,533.0,533.2,250454
2023-03-02 09:35:00+05:30,533.35,535.15,533.2,534.15,194722
2023-03-02 09:40:00+05:30,534.3,535.9,534.1,535.6,292723
2023-03-02 09:45:00+05:30,535.65,535.95,535.0,535.1,211937
2023-03-02 09:50:00+05:30,535.05,536.35,535.05,535.9,194086
2023-03-02 09:55:00+05:30,535.9,538.2,535.7,537.0,440108
2023-03-02 10:00:00+05:30,537.0,538.0,537.0,537.25,223915
2023-03-02 10:05:00+05:30,537.2,538.8,536.9,538.7,265895
2023-03-02 10:10:00+05:30,538.65,538.9,537.6,538.0,181211
2023-03-02 10:15:00+05:30,538.0,538.25,537.35,537.6,98182
2023-03-02 10:20:00+05:30,537.7,538.0,537.6,537.65,79419
2023-03-02 10:25:00+05:30,537.45,537.65,537.05,537.25,98394
2023-03-02 10:30:00+05:30,537.25,537.7,537.1,537.55,54012
2023-03-02 10:35:00+05:30,537.65,538.25,537.55,538.2,120124
2023-03-02 10:40:00+05:30,538.15,539.9,537.65,539.45,274195
2023-03-02 10:45:00+05:30,539.35,539.9,537.7,538.05,177973
2023-03-02 10:50:00+05:30,538.05,538.2,536.45,536.55,196466
2023-03-02 10:55:00+05:30,536.65,537.45,536.5,537.2,88624
2023-03-02 11:00:00+05:30,537.2,537.95,536.7,537.2,130839
2023-03-02 11:05:00+05:30,537.2,537.25,535.2,536.15,325479
2023-03-02 11:10:00+05:30,536.25,536.35,535.45,536.35,114735
2023-03-02 11:15:00+05:30,536.35,536.35,535.4,535.55,92054
2023-03-02 11:20:00+05:30,535.55,535.75,534.6,535.0,158308
2023-03-02 11:25:00+05:30,534.95,535.4,534.8,535.0,67490
2023-03-02 11:30:00+05:30,535.0,535.4,535.0,535.4,47992
2023-03-02 11:35:00+05:30,535.35,535.95,535.15,535.25,84535
2023-03-02 11:40:00+05:30,535.1,535.35,534.65,534.65,76753
2023-03-02 11:45:00+05:30,534.7,535.35,534.5,534.9,78679
2023-03-02 11:50:00+05:30,534.9,535.25,534.65,535.2,43832
2023-03-02 11:55:00+05:30,535.2,535.8,535.2,535.55,59836
2023-03-02 12:00:00+05:30,535.55,536.5,535.5,536.15,77537
2023-03-02 12:05:00+05:30,536.05,536.5,535.5,535.6,81238
2023-03-02 12:10:00+05:30,535.65,536.2,535.6,535.6,65559
2023-03-02 12:15:00+05:30,535.75,536.0,535.25,535.35,97850
2023-03-02 12:20:00+05:30,535.4,535.4,534.7,534.9,81772
2023-03-02 12:25:00+05:30,534.85,535.05,534.3,535.0,133168
2023-03-02 12:30:00+05:30,535.0,535.3,534.7,535.25,73141
2023-03-02 12:35:00+05:30,535.25,535.55,535.0,535.45,44275
2023-03-02 12:40:00+05:30,535.5,536.0,535.45,536.0,49789
2023-03-02 12:45:00+05:30,535.95,536.5,535.85,536.25,89801
2023-03-02 12:50:00+05:30,536.2,536.45,535.65,535.8,90485
2023-03-02 12:55:00+05:30,535.8,535.9,535.25,535.8,66750
2023-03-02 13:00:00+05:30,535.85,536.1,535.05,535.25,52675
2023-03-02 13:05:00+05:30,535.3,535.55,534.8,535.45,63192
2023-03-02 13:10:00+05:30,535.4,535.75,535.05,535.35,56926
2023-03-02 13:15:00+05:30,535.4,535.45,535.0,535.35,43337
2023-03-02 13:20:00+05:30,535.3,535.95,535.2,535.7,51774
2023-03-02 13:25:00+05:30,535.8,535.8,535.15,535.45,53761
2023-03-02 13:30:00+05:30,535.5,535.7,534.5,534.65,61721
2023-03-02 13:35:00+05:30,534.7,535.0,533.7,534.3,137722
2023-03-02 13:40:00+05:30,534.25,535.3,533.9,534.2,85124
2023-03-02 13:45:00+05:30,534.25,535.1,534.15,535.1,87769
2023-03-02 13:50:00+05:30,535.05,535.2,534.5,535.1,59255
2023-03-02 13:55:00+05:30,535.15,535.4,535.0,535.1,63575
2023-03-02 14:00:00+05:30,535.2,535.3,534.1,534.5,58997
2023-03-02 14:05:00+05:30,534.45,534.55,533.6,533.7,86073
2023-03-02 14:10:00+05:30,533.75,534.9,533.65,534.7,93600
2023-03-02 14:15:00+05:30,534.7,534.8,534.0,534.4,63620
2023-03-02 14:20:00+05:30,534.4,535.95,534.3,535.45,93127
2023-03-02 14:25:00+05:30,535.5,535.5,534.55,535.4,74120
2023-03-02 14:30:00+05:30,535.4,536.25,535.05,535.65,130019
2023-03-02 14:35:00+05:30,535.85,535.9,535.25,535.3,85598
2023-03-02 14:40:00+05:30,535.4,535.5,534.8,534.95,62655
2023-03-02 14:45:00+05:30,534.95,535.55,534.8,535.4,65855
2023-03-02 14:50:00+05:30,535.4,535.45,534.5,534.9,71087
2023-03-02 14:55:00+05:30,534.95,535.25,534.55,535.05,75392
2023-03-02 15:00:00+05:30,535.1,535.35,534.45,534.9,221369
2023-03-02 15:05:00+05:30,534.9,534.9,533.5,533.65,267994
2023-03-02 15:10:00+05:30,533.9,534.35,533.6,533.9,232659
2023-03-02 15:15:00+05:30,534.0,534.05,533.45,533.75,299378
2023-03-02 15:20:00+05:30,533.7,533.8,532.6,532.95,297502
2023-03-02 15:25:00+05:30,532.95,535.0,532.5,533.75,307374
2023-03-03 09:15:00+05:30,542.0,564.3,541.75,551.05,3033459
2023-03-03 09:20:00+05:30,551.0,554.05,550.65,552.7,1516945
2023-03-03 09:25:00+05:30,552.55,553.4,550.7,552.0,672602
2023-03-03 09:30:00+05:30,552.0,552.35,550.7,550.7,428351
2023-03-03 09:35:00+05:30,550.5,553.5,550.5,552.65,568699
2023-03-03 09:40:00+05:30,552.7,553.45,551.4,551.9,355162
2023-03-03 09:45:00+05:30,551.75,553.5,551.75,552.85,277460
2023-03-03 09:50:00+05:30,552.85,553.25,552.0,552.15,260488
2023-03-03 09:55:00+05:30,552.3,552.75,551.75,551.95,184158
2023-03-03 10:00:00+05:30,551.9,552.5,551.75,552.05,187524
2023-03-03 10:05:00+05:30,552.0,554.25,551.8,554.0,409331
2023-03-03 10:10:00+05:30,554.0,555.35,553.95,555.0,635596
2023-03-03 10:15:00+05:30,554.9,555.7,554.6,555.5,304717
2023-03-03 10:20:00+05:30,555.5,555.7,554.55,554.85,230942
2023-03-03 10:25:00+05:30,554.9,555.55,554.6,555.5,192116
2023-03-03 10:30:00+05:30,555.4,556.0,555.1,555.35,259777
2023-03-03 10:35:00+05:30,555.5,556.4,555.2,555.8,327226
2023-03-03 10:40:00+05:30,555.8,556.8,555.8,556.7,219622
2023-03-03 10:45:00+05:30,556.7,557.85,556.5,557.8,466974
2023-03-03 10:50:00+05:30,557.85,558.0,557.0,557.2,313485
2023-03-03 10:55:00+05:30,557.2,557.85,557.2,557.5,208822
2023-03-03 11:00:00+05:30,557.5,557.5,556.75,556.8,208191
2023-03-03 11:05:00+05:30,556.85,557.2,556.6,557.15,238959
2023-03-03 11:10:00+05:30,557.2,557.25,556.15,556.8,249882
2023-03-03 11:15:00+05:30,556.75,557.0,556.45,556.9,181139
2023-03-03 11:20:00+05:30,556.8,557.25,556.8,556.85,197228
2023-03-03 11:25:00+05:30,557.1,558.0,556.9,557.85,559616
2023-03-03 11:30:00+05:30,557.85,558.7,557.85,558.5,318280
2023-03-03 11:35:00+05:30,558.45,559.75,558.45,559.45,515167
2023-03-03 11:40:00+05:30,559.5,559.95,559.25,559.95,507767
2023-03-03 11:45:00+05:30,559.9,560.55,559.9,560.1,949956
2023-03-03 11:50:00+05:30,560.1,560.5,560.05,560.35,286980
2023-03-03 11:55:00+05:30,560.25,560.45,559.5,560.45,359602
2023-03-03 12:00:00+05:30,560.45,562.4,560.45,561.95,741707
2023-03-03 12:05:00+05:30,561.95,563.9,561.9,563.4,826591
2023-03-03 12:10:00+05:30,563.4,563.95,561.2,561.65,644965
2023-03-03 12:15:00+05:30,561.65,562.5,561.35,562.45,251497
2023-03-03 12:20:00+05:30,562.5,562.5,561.0,561.2,238719
2023-03-03 12:25:00+05:30,561.3,561.3,560.45,560.55,253835
2023-03-03 12:30:00+05:30,560.6,561.2,560.1,560.35,249485
2023-03-03 12:35:00+05:30,560.3,560.85,559.5,559.85,377187
2023-03-03 12:40:00+05:30,559.8,559.9,558.8,559.7,358357
2023-03-03 12:45:00+05:30,559.8,561.25,559.55,560.25,225826
2023-03-03 12:50:00+05:30,560.25,560.5,559.85,560.45,133189
2023-03-03 12:55:00+05:30,560.3,560.5,559.4,560.4,227260
2023-03-03 13:00:00+05:30,560.4,561.2,560.3,560.35,209641
2023-03-03 13:05:00+05:30,560.35,560.95,560.0,560.2,143698
2023-03-03 13:10:00+05:30,560.25,561.0,560.25,561.0,106718
2023-03-03 13:15:00+05:30,560.95,561.75,560.9,561.65,178897
2023-03-03 13:20:00+05:30,561.65,562.0,561.5,561.5,183640
2023-03-03 13:25:00+05:30,561.65,561.7,561.0,561.1,118858
2023-03-03 13:30:00+05:30,561.2,562.55,561.0,562.4,295933
2023-03-03 13:35:00+05:30,562.4,562.5,561.5,561.95,135429
2023-03-03 13:40:00+05:30,561.95,562.0,561.1,561.75,140398
2023-03-03 13:45:00+05:30,561.85,562.15,561.6,561.9,293770
2023-03-03 13:50:00+05:30,561.95,562.0,561.15,561.8,253855
2023-03-03 13:55:00+05:30,561.75,562.0,561.55,561.55,143465
2023-03-03 14:00:00+05:30,561.6,562.0,561.45,561.95,144800
2023-03-03 14:05:00+05:30,562.0,562.45,561.45,561.65,198987
2023-03-03 14:10:00+05:30,561.65,562.0,561.25,561.55,160828
2023-03-03 14:15:00+05:30,561.6,561.9,561.55,561.8,118359
2023-03-03 14:20:00+05:30,561.8,561.95,561.5,561.9,135288
2023-03-03 14:25:00+05:30,561.9,562.5,561.8,562.35,272984
2023-03-03 14:30:00+05:30,562.35,562.5,561.55,561.8,203614
2023-03-03 14:35:00+05:30,561.75,561.75,560.75,560.75,289301
2023-03-03 14:40:00+05:30,560.75,561.85,560.75,561.6,136879
2023-03-03 14:45:00+05:30,561.55,561.95,561.15,561.9,137723
2023-03-03 14:50:00+05:30,561.9,562.5,561.9,562.45,244441
2023-03-03 14:55:00+05:30,562.5,562.85,562.15,562.6,285502
2023-03-03 15:00:00+05:30,562.5,562.5,560.8,561.0,480784
2023-03-03 15:05:00+05:30,561.05,561.75,560.5,561.05,493540
2023-03-03 15:10:00+05:30,561.1,561.5,560.4,560.85,497239
2023-03-03 15:15:00+05:30,560.65,561.8,560.55,561.35,605550
2023-03-03 15:20:00+05:30,561.45,562.0,560.35,560.5,608940
2023-03-03 15:25:00+05:30,560.55,561.2,560.55,561.2,281880
2023-03-06 09:15:00+05:30,564.9,565.7,562.3,565.6,951425
2023-03-06 09:20:00+05:30,565.5,565.85,562.9,563.7,640033
2023-03-06 09:25:00+05:30,563.7,564.6,562.55,564.25,429054
2023-03-06 09:30:00+05:30,564.3,565.25,564.3,564.85,302935
2023-03-06 09:35:00+05:30,564.85,565.4,564.1,564.45,254001
2023-03-06 09:40:00+05:30,564.4,565.5,564.3,564.75,237105
2023-03-06 09:45:00+05:30,564.75,565.6,564.75,565.1,212920
2023-03-06 09:50:00+05:30,565.2,565.45,564.65,564.95,252405
2023-03-06 09:55:00+05:30,564.95,565.0,564.3,564.85,188559
2023-03-06 10:00:00+05:30,564.8,565.6,564.8,565.45,303916
2023-03-06 10:05:00+05:30,565.45,567.0,565.4,566.95,582222
2023-03-06 10:10:00+05:30,567.0,567.85,566.85,567.6,338439
2023-03-06 10:15:00+05:30,567.75,567.9,566.75,567.35,299960
2023-03-06 10:20:00+05:30,567.3,567.45,567.0,567.25,223937
2023-03-06 10:25:00+05:30,567.25,567.5,566.15,566.15,253757
2023-03-06 10:30:00+05:30,566.15,566.75,566.05,566.7,162547
2023-03-06 10:35:00+05:30,566.75,566.8,566.05,566.1,130463
2023-03-06 10:40:00+05:30,566.05,566.2,565.7,566.05,130890
2023-03-06 10:45:00+05:30,566.0,566.7,565.9,566.35,181827
2023-03-06 10:50:00+05:30,566.35,567.0,566.0,566.95,120284
2023-03-06 10:55:00+05:30,566.95,567.4,566.35,566.55,318079
2023-03-06 11:00:00+05:30,566.45,566.45,564.85,565.5,286538
2023-03-06 11:05:00+05:30,565.5,565.5,563.1,564.05,447890
2023-03-06 11:10:00+05:30,564.1,565.0,563.9,564.75,227125
2023-03-06 11:15:00+05:30,564.6,564.75,563.85,564.0,168694
2023-03-06 11:20:00+05:30,564.0,564.15,562.65,563.0,326746
2023-03-06 11:25:00+05:30,562.85,563.2,561.6,562.95,286245
2023-03-06 11:30:00+05:30,562.8,563.75,562.8,563.25,123540
2023-03-06 11:35:00+05:30,563.35,564.15,563.2,563.5,149504
2023-03-06 11:40:00+05:30,563.5,563.95,563.2,563.9,117571
2023-03-06 11:45:00+05:30,563.85,563.95,563.0,563.7,104268
2023-03-06 11:50:00+05:30,563.6,563.8,563.3,563.5,117148
2023-03-06 11:55:00+05:30,563.5,563.95,563.4,563.85,88290
2023-03-06 12:00:00+05:30,563.9,564.1,562.8,562.85,170846
2023-03-06 12:05:00+05:30,562.85,562.95,562.0,562.3,208713
2023-03-06 12:10:00+05:30,562.3,562.5,561.0,561.5,282790
2023-03-06 12:15:00+05:30,561.6,562.2,561.55,562.15,154754
2023-03-06 12:20:00+05:30,562.15,562.2,561.35,561.45,130703
2023-03-06 12:25:00+05:30,561.4,561.5,560.15,560.35,260236
2023-03-06 12:30:00+05:30,560.25,560.95,560.05,560.85,186561
2023-03-06 12:35:00+05:30,560.85,561.65,560.85,561.45,110504
2023-03-06 12:40:00+05:30,561.45,562.0,561.0,561.95,111857
2023-03-06 12:45:00+05:30,561.9,562.0,561.5,561.6,70818
2023-03-06 12:50:00+05:30,561.65,561.65,560.7,560.85,103029
2023-03-06 12:55:00+05:30,560.95,561.0,560.0,560.65,166870
2023-03-06 13:00:00+05:30,560.75,561.7,560.55,561.7,184834
2023-03-06 13:05:00+05:30,561.65,562.3,561.65,562.2,137761
2023-03-06 13:10:00+05:30,562.2,562.95,562.05,562.85,132304
2023-03-06 13:15:00+05:30,562.85,563.1,562.5,562.65,155803
2023-03-06 13:20:00+05:30,562.7,562.85,562.1,562.2,73097
2023-03-06 13:25:00+05:30,562.1,562.15,561.0,561.0,122659
2023-03-06 13:30:00+05:30,561.0,561.0,560.15,560.3,155607
2023-03-06 13:35:00+05:30,560.3,560.6,559.0,560.45,228368
2023-03-06 13:40:00+05:30,560.45,560.75,560.05,560.4,171060
2023-03-06 13:45:00+05:30,560.45,561.4,560.2,561.2,141804
2023-03-06 13:50:00+05:30,561.05,561.15,560.6,561.0,104598
2023-03-06 13:55:00+05:30,560.85,562.5,560.85,561.95,166215
2023-03-06 14:00:00+05:30,561.95,562.5,561.85,562.35,157717
2023-03-06 14:05:00+05:30,562.35,562.5,561.25,562.05,143320
2023-03-06 14:10:00+05:30,562.05,562.1,560.5,560.75,170524
2023-03-06 14:15:00+05:30,560.9,561.2,560.6,560.85,125685
2023-03-06 14:20:00+05:30,561.0,562.7,560.85,562.05,307058
2023-03-06 14:25:00+05:30,562.0,562.5,561.8,562.3,184187
2023-03-06 14:30:00+05:30,562.3,562.65,562.3,562.3,108706
2023-03-06 14:35:00+05:30,562.3,562.5,561.8,561.85,189453
2023-03-06 14:40:00+05:30,561.9,562.0,561.7,561.7,111754
2023-03-06 14:45:00+05:30,561.65,561.85,560.55,561.8,192061
2023-03-06 14:50:00+05:30,561.75,561.75,561.0,561.0,118756
2023-03-06 14:55:00+05:30,561.0,561.65,560.6,561.6,167176
2023-03-06 15:00:00+05:30,561.75,561.95,560.85,561.7,201161
2023-03-06 15:05:00+05:30,561.8,562.0,561.5,561.85,213761
2023-03-06 15:10:00+05:30,561.9,562.0,561.65,561.65,257382
2023-03-06 15:15:00+05:30,561.75,561.95,561.2,561.55,342187
2023-03-06 15:20:00+05:30,561.5,561.85,561.3,561.75,301956
2023-03-06 15:25:00+05:30,561.75,561.9,561.5,561.8,176606
2023-03-08 09:15:00+05:30,560.0,560.0,557.65,558.6,1180559
2023-03-08 09:20:00+05:30,558.6,558.85,557.55,557.75,406770
2023-03-08 09:25:00+05:30,557.75,558.75,557.25,557.85,326792
2023-03-08 09:30:00+05:30,557.85,558.95,556.45,558.2,437429
2023-03-08 09:35:00+05:30,558.05,560.55,557.45,559.7,371218
2023-03-08 09:40:00+05:30,559.6,559.75,557.75,558.5,196552
2023-03-08 09:45:00+05:30,558.5,559.1,558.0,559.1,202828
2023-03-08 09:50:00+05:30,559.25,560.9,559.0,560.35,220237
2023-03-08 09:55:00+05:30,560.35,561.4,560.2,561.05,243941
2023-03-08 10:00:00+05:30,561.05,561.05,560.2,560.9,101175
2023-03-08 10:05:00+05:30,560.9,561.35,559.7,559.95,250574
2023-03-08 10:10:00+05:30,560.0,560.3,558.2,558.7,244716
2023-03-08 10:15:00+05:30,558.7,558.75,557.75,558.25,205505
2023-03-08 10:20:00+05:30,558.25,559.8,558.25,559.4,145447
2023-03-08 10:25:00+05:30,559.25,560.1,559.0,559.2,148433
2023-03-08 10:30:00+05:30,559.1,559.45,558.9,559.4,82958
2023-03-08 10:35:00+05:30,559.4,559.85,559.25,559.5,61926
2023-03-08 10:40:00+05:30,559.5,559.5,559.05,559.35,67131
2023-03-08 10:45:00+05:30,559.3,560.0,559.0,559.75,106445
2023-03-08 10:50:00+05:30,559.7,560.4,559.7,560.05,145279
2023-03-08 10:55:00+05:30,560.0,560.9,559.9,560.5,110661
2023-03-08 11:00:00+05:30,560.5,560.6,560.05,560.4,89427
2023-03-08 11:05:00+05:30,560.4,560.4,559.85,559.85,75998
2023-03-08 11:10:00+05:30,559.8,560.1,559.7,560.0,40324
2023-03-08 11:15:00+05:30,560.05,560.35,559.8,560.1,81109
2023-03-08 11:20:00+05:30,560.05,560.2,559.4,559.7,57461
2023-03-08 11:25:00+05:30,559.6,560.0,559.6,560.0,35145
2023-03-08 11:30:00+05:30,560.0,560.45,559.65,559.9,115752
2023-03-08 11:35:00+05:30,559.75,560.7,559.5,560.3,110225
2023-03-08 11:40:00+05:30,560.3,560.6,560.05,560.05,67574
2023-03-08 11:45:00+05:30,560.05,560.85,559.7,560.85,63304
2023-03-08 11:50:00+05:30,560.75,560.85,560.0,560.1,74011
2023-03-08 11:55:00+05:30,560.05,560.1,559.5,559.75,69093
2023-03-08 12:00:00+05:30,559.75,559.75,559.2,559.4,55313
2023-03-08 12:05:00+05:30,559.3,559.9,559.2,559.75,57267
2023-03-08 12:10:00+05:30,559.8,559.9,559.3,559.7,53807
2023-03-08 12:15:00+05:30,559.65,560.6,559.5,560.2,81767
2023-03-08 12:20:00+05:30,560.2,560.2,559.85,559.9,37791
2023-03-08 12:25:00+05:30,559.9,560.3,559.8,560.25,62684
2023-03-08 12:30:00+05:30,560.25,560.85,560.2,560.65,90830
2023-03-08 12:35:00+05:30,560.65,560.85,560.65,560.85,47374
2023-03-08 12:40:00+05:30,560.8,560.85,560.25,560.4,59992
2023-03-08 12:45:00+05:30,560.35,560.7,559.65,560.2,81654
2023-03-08 12:50:00+05:30,560.15,560.35,559.95,560.3,30767
2023-03-08 12:55:00+05:30,560.3,560.6,560.2,560.3,40401
2023-03-08 13:00:00+05:30,560.35,560.6,560.1,560.6,44531
2023-03-08 13:05:00+05:30,560.65,560.8,560.35,560.6,79420
2023-03-08 13:10:00+05:30,560.6,561.0,560.5,560.55,91075
2023-03-08 13:15:00+05:30,560.6,560.75,560.4,560.55,42417
2023-03-08 13:20:00+05:30,560.6,560.8,560.45,560.8,66219
2023-03-08 13:25:00+05:30,560.8,560.9,560.5,560.55,41993
2023-03-08 13:30:00+05:30,560.55,560.8,560.45,560.55,65588
2023-03-08 13:35:00+05:30,560.55,560.65,560.45,560.55,54124
2023-03-08 13:40:00+05:30,560.6,560.75,560.55,560.7,32879
2023-03-08 13:45:00+05:30,560.7,561.75,560.7,561.25,210784
2023-03-08 13:50:00+05:30,561.25,561.75,561.1,561.5,87461
2023-03-08 13:55:00+05:30,561.55,563.35,561.5,562.8,397025
2023-03-08 14:00:00+05:30,563.05,564.0,562.85,564.0,357871
2023-03-08 14:05:00+05:30,564.0,564.2,562.8,563.45,276054
2023-03-08 14:10:00+05:30,563.45,563.75,563.0,563.4,129964
2023-03-08 14:15:00+05:30,563.45,563.55,563.0,563.55,75611
2023-03-08 14:20:00+05:30,563.5,563.95,563.3,563.6,113922
2023-03-08 14:25:00+05:30,563.6,563.75,563.15,563.3,74823
2023-03-08 14:30:00+05:30,563.3,563.75,562.5,562.7,232157
2023-03-08 14:35:00+05:30,562.75,563.05,561.9,562.75,238564
2023-03-08 14:40:00+05:30,562.65,563.65,562.45,563.1,145477
2023-03-08 14:45:00+05:30,563.15,563.25,562.75,562.9,97578
2023-03-08 14:50:00+05:30,562.95,563.5,562.9,563.25,118206
2023-03-08 14:55:00+05:30,563.4,563.5,563.05,563.3,213818
2023-03-08 15:00:00+05:30,563.4,564.55,563.3,564.35,454496
2023-03-08 15:05:00+05:30,564.45,565.35,564.15,565.05,454815
2023-03-08 15:10:00+05:30,565.15,565.25,564.75,565.0,453598
2023-03-08 15:15:00+05:30,565.0,565.4,564.65,565.2,542634
2023-03-08 15:20:00+05:30,565.25,565.5,564.5,565.1,404762
2023-03-08 15:25:00+05:30,564.95,565.1,563.5,564.8,202038
2023-03-09 09:15:00+05:30,564.75,565.75,562.9,565.6,418312
2023-03-09 09:20:00+05:30,565.55,565.7,563.0,563.0,214113
2023-03-09 09:25:00+05:30,563.35,563.35,562.1,563.15,241076
2023-03-09 09:30:00+05:30,563.05,563.2,562.25,562.4,141899
2023-03-09 09:35:00+05:30,562.45,563.8,562.3,562.55,152109
2023-03-09 09:40:00+05:30,562.6,562.85,562.1,562.75,129443
2023-03-09 09:45:00+05:30,562.75,563.3,562.3,562.75,77591
2023-03-09 09:50:00+05:30,562.7,562.7,561.55,562.0,135164
2023-03-09 09:55:00+05:30,562.0,562.2,561.6,561.6,74215
2023-03-09 10:00:00+05:30,561.65,561.95,560.75,561.65,193297
2023-03-09 10:05:00+05:30,561.75,562.6,561.55,562.6,82065
2023-03-09 10:10:00+05:30,562.6,562.6,561.4,561.75,68506
2023-03-09 10:15:00+05:30,561.75,562.3,561.55,562.3,75490
2023-03-09 10:20:00+05:30,562.3,562.9,562.1,562.55,85059
2023-03-09 10:25:00+05:30,562.55,563.35,562.5,563.1,111004
2023-03-09 10:30:00+05:30,563.15,563.2,562.2,562.65,85531
2023-03-09 10:35:00+05:30,562.7,562.7,561.9,561.95,93846
2023-03-09 10:40:00+05:30,561.95,562.1,561.2,561.95,168838
2023-03-09 10:45:00+05:30,561.95,562.4,561.65,562.25,89634
2023-03-09 10:50:00+05:30,562.3,562.45,562.05,562.2,67246
2023-03-09 10:55:00+05:30,562.3,562.5,562.3,562.5,52025
2023-03-09 11:00:00+05:30,562.5,562.95,562.45,562.65,82144
2023-03-09 11:05:00+05:30,562.6,562.8,562.45,562.55,44476
2023-03-09 11:10:00+05:30,562.6,563.0,562.3,562.95,42814
2023-03-09 11:15:00+05:30,563.0,564.05,562.85,563.1,205132
2023-03-09 11:20:00+05:30,563.15,563.35,562.75,563.2,83696
2023-03-09 11:25:00+05:30,563.2,563.85,563.05,563.8,82849
2023-03-09 11:30:00+05:30,563.85,564.3,563.5,563.9,166194
2023-03-09 11:35:00+05:30,563.95,564.0,563.55,563.65,71686
2023-03-09 11:40:00+05:30,563.7,564.15,563.65,564.05,120577
2023-03-09 11:45:00+05:30,564.05,564.05,563.7,563.75,74687
2023-03-09 11:50:00+05:30,563.8,563.85,562.35,562.6,129010
2023-03-09 11:55:00+05:30,562.6,563.4,562.55,563.3,89120
2023-03-09 12:00:00+05:30,563.3,563.55,562.3,562.3,86301
2023-03-09 12:05:00+05:30,562.35,562.65,561.95,562.45,91926
2023-03-09 12:10:00+05:30,562.5,562.95,562.45,562.95,66647
2023-03-09 12:15:00+05:30,562.95,562.95,562.5,562.5,82394
2023-03-09 12:20:00+05:30,562.5,562.5,561.65,561.75,160208
2023-03-09 12:25:00+05:30,561.8,562.35,561.75,562.1,107624
2023-03-09 12:30:00+05:30,562.2,562.25,561.2,561.2,139900
2023-03-09 12:35:00+05:30,561.25,561.85,561.1,561.65,82178
2023-03-09 12:40:00+05:30,561.7,561.95,561.3,561.9,83551
2023-03-09 12:45:00+05:30,561.9,561.9,561.25,561.3,78033
2023-03-09 12:50:00+05:30,561.3,561.9,561.25,561.75,77440
2023-03-09 12:55:00+05:30,561.8,562.45,561.8,562.15,112516
2023-03-09 13:00:00+05:30,562.25,562.45,562.05,562.35,62507
2023-03-09 13:05:00+05:30,562.35,562.55,561.65,561.75,58345
2023-03-09 13:10:00+05:30,561.8,561.95,561.45,561.75,56702
2023-03-09 13:15:00+05:30,561.65,562.05,561.4,561.9,63114
2023-03-09 13:20:00+05:30,561.9,562.25,561.85,561.95,44435
2023-03-09 13:25:00+05:30,562.0,562.35,561.9,562.35,63240
2023-03-09 13:30:00+05:30,562.4,562.55,561.8,562.0,57527
2023-03-09 13:35:00+05:30,561.95,562.05,561.5,561.5,51922
2023-03-09 13:40:00+05:30,561.6,561.9,560.3,560.8,165902
2023-03-09 13:45:00+05:30,560.85,560.85,560.0,560.6,164565
2023-03-09 13:50:00+05:30,560.6,560.8,560.0,560.55,174436
2023-03-09 13:55:00+05:30,560.5,561.15,560.4,560.4,94863
2023-03-09 14:00:00+05:30,560.45,561.55,560.4,561.5,75151
2023-03-09 14:05:00+05:30,561.55,561.55,559.65,560.45,334902
2023-03-09 14:10:00+05:30,560.45,560.8,559.65,560.15,56986
2023-03-09 14:15:00+05:30,560.2,560.5,559.9,560.0,156930
2023-03-09 14:20:00+05:30,560.05,560.75,559.9,560.7,109566
2023-03-09 14:25:00+05:30,560.7,561.2,560.6,560.65,134711
2023-03-09 14:30:00+05:30,560.7,561.05,560.2,560.2,87373
2023-03-09 14:35:00+05:30,560.2,560.6,560.0,560.2,143991
2023-03-09 14:40:00+05:30,560.15,560.7,560.15,560.55,63078
2023-03-09 14:45:00+05:30,560.55,560.55,560.25,560.25,90161
2023-03-09 14:50:00+05:30,560.25,560.25,559.6,559.85,165880
2023-03-09 14:55:00+05:30,559.9,559.9,559.55,559.8,68802
2023-03-09 15:00:00+05:30,559.8,559.8,559.15,559.7,165722
2023-03-09 15:05:00+05:30,559.7,559.7,558.75,559.35,185727
2023-03-09 15:10:00+05:30,559.55,559.6,558.85,558.95,173006
2023-03-09 15:15:00+05:30,558.9,558.9,558.25,558.55,295538
2023-03-09 15:20:00+05:30,558.6,559.1,558.0,559.05,366541
2023-03-09 15:25:00+05:30,559.1,559.5,558.6,558.9,144126
2023-03-10 09:15:00+05:30,553.1,554.95,552.0,552.4,781800
2023-03-10 09:20:00+05:30,552.4,552.85,550.15,552.3,309642
2023-03-10 09:25:00+05:30,552.4,553.65,551.85,552.0,341406
2023-03-10 09:30:00+05:30,552.0,552.1,549.6,549.85,371086
2023-03-10 09:35:00+05:30,549.7,550.0,547.35,548.6,444443
2023-03-10 09:40:00+05:30,548.6,548.65,547.0,547.65,369041
2023-03-10 09:45:00+05:30,547.55,549.4,547.35,548.25,232501
2023-03-10 09:50:00+05:30,548.2,548.9,547.55,548.4,151846
2023-03-10 09:55:00+05:30,548.3,549.0,548.0,549.0,108965
2023-03-10 10:00:00+05:30,548.95,549.6,548.55,549.1,118209
2023-03-10 10:05:00+05:30,549.3,549.45,548.65,548.85,97980
2023-03-10 10:10:00+05:30,548.85,549.25,548.55,548.8,90441
2023-03-10 10:15:00+05:30,548.8,548.8,546.5,548.3,277317
2023-03-10 10:20:00+05:30,548.5,549.3,548.25,548.75,178797
2023-03-10 10:25:00+05:30,548.65,548.9,548.0,548.1,104230
2023-03-10 10:30:00+05:30,548.1,548.75,548.0,548.5,88855
2023-03-10 10:35:00+05:30,548.6,549.55,548.5,549.4,94367
2023-03-10 10:40:00+05:30,549.5,550.0,549.4,549.65,100389
2023-03-10 10:45:00+05:30,549.65,550.65,549.55,550.05,131886
2023-03-10 10:50:00+05:30,550.15,550.6,549.25,549.35,158501
2023-03-10 10:55:00+05:30,549.35,549.5,549.15,549.3,64444
2023-03-10 11:00:00+05:30,549.3,549.35,548.15,548.65,146999
2023-03-10 11:05:00+05:30,548.85,549.3,548.45,549.05,60465
2023-03-10 11:10:00+05:30,549.05,549.55,548.7,549.15,171641
2023-03-10 11:15:00+05:30,549.05,549.25,548.75,548.85,54499
2023-03-10 11:20:00+05:30,548.85,549.25,548.65,549.05,61716
2023-03-10 11:25:00+05:30,549.05,549.05,548.9,549.0,44956
2023-03-10 11:30:00+05:30,549.05,549.2,547.85,548.3,151517
2023-03-10 11:35:00+05:30,548.3,548.55,547.3,548.0,114093
2023-03-10 11:40:00+05:30,547.9,547.95,547.4,547.8,57685
2023-03-10 11:45:00+05:30,547.8,547.8,547.35,547.65,75518
2023-03-10 11:50:00+05:30,547.6,548.55,547.6,548.5,55860
2023-03-10 11:55:00+05:30,548.55,548.6,547.5,547.85,89770
2023-03-10 12:00:00+05:30,547.85,548.0,547.5,547.9,47693
2023-03-10 12:05:00+05:30,547.9,548.0,547.6,548.0,50014
2023-03-10 12:10:00+05:30,547.95,548.1,547.6,548.05,75921
2023-03-10 12:15:00+05:30,547.6,547.9,546.1,546.85,189309
2023-03-10 12:20:00+05:30,546.75,546.8,546.3,546.6,126144
2023-03-10 12:25:00+05:30,546.6,547.65,546.6,547.25,65840
2023-03-10 12:30:00+05:30,547.3,547.45,546.55,546.75,79208
2023-03-10 12:35:00+05:30,546.75,546.95,546.3,546.6,69473
2023-03-10 12:40:00+05:30,546.55,547.8,546.55,547.75,96675
2023-03-10 12:45:00+05:30,547.7,548.15,547.5,547.6,76164
2023-03-10 12:50:00+05:30,547.7,547.9,547.3,547.8,51569
2023-03-10 12:55:00+05:30,547.85,548.25,547.45,548.25,53226
2023-03-10 13:00:00+05:30,548.25,548.85,548.15,548.6,88865
2023-03-10 13:05:00+05:30,548.7,549.0,548.5,548.75,67649
2023-03-10 13:10:00+05:30,548.75,548.95,548.75,548.85,48097
2023-03-10 13:15:00+05:30,548.85,548.9,548.1,548.25,54587
2023-03-10 13:20:00+05:30,548.3,548.3,547.6,547.8,61988
2023-03-10 13:25:00+05:30,547.8,547.95,547.55,547.65,92038
2023-03-10 13:30:00+05:30,547.7,547.7,546.9,547.0,76831
2023-03-10 13:35:00+05:30,546.95,548.0,546.65,547.5,107469
2023-03-10 13:40:00+05:30,547.5,547.55,547.0,547.25,103373
2023-03-10 13:45:00+05:30,547.15,547.15,546.6,546.9,152669
2023-03-10 13:50:00+05:30,546.85,547.4,546.7,546.95,79239
2023-03-10 13:55:00+05:30,547.0,547.45,546.9,547.3,61845
2023-03-10 14:00:00+05:30,547.3,547.45,546.05,546.1,122761
2023-03-10 14:05:00+05:30,546.1,547.35,546.0,547.35,138831
2023-03-10 14:10:00+05:30,547.5,547.8,546.9,547.1,144214
2023-03-10 14:15:00+05:30,547.05,547.3,546.5,546.55,127808
2023-03-10 14:20:00+05:30,546.55,546.6,545.5,546.0,234983
2023-03-10 14:25:00+05:30,545.95,546.2,545.8,545.95,74785
2023-03-10 14:30:00+05:30,545.95,546.5,545.9,546.05,98616
2023-03-10 14:35:00+05:30,546.0,546.25,545.7,546.1,135392
2023-03-10 14:40:00+05:30,546.1,546.45,545.6,545.9,121054
2023-03-10 14:45:00+05:30,545.9,545.95,545.5,545.6,112842
2023-03-10 14:50:00+05:30,545.55,545.9,545.0,545.1,220549
2023-03-10 14:55:00+05:30,545.1,545.85,545.0,545.75,185232
2023-03-10 15:00:00+05:30,545.85,547.3,545.85,547.3,282978
2023-03-10 15:05:00+05:30,547.3,547.65,546.9,547.65,284429
2023-03-10 15:10:00+05:30,547.8,547.8,546.5,546.9,264961
2023-03-10 15:15:00+05:30,546.9,548.05,546.5,548.0,604460
2023-03-10 15:20:00+05:30,548.05,548.45,547.25,547.85,461436
2023-03-10 15:25:00+05:30,547.75,548.1,547.35,547.35,230249
